Genome name	Transposable elements as % of genome	GC %	Genome Size(Mbp)	TE footprint (bp)	Median transposase length (bp)	Genome number of contigs
Crocosphaera watsonii WH8501	16.06	37.1	6.23	1001658	645	323
MAG DT-104	8.22	39.1	4.61	379674	222	762
Rint RC01	20.78	39.5	5.48	1139409	297	823
Nostoc azollae 0708	10.15	38.4	5.49	556827	429	3
Orientia tsutsugamushi str. Ikeda	7.30	30.5	20.1	146688	288	1
Spiroplasma poulsonii	13.4	26.3	1.97	263376	360	2
Wolbachia pipientis wAlbB	12.00	34.4	1.48	177996	852	1