Genome	Category	Count	Overall length (bp)	Median length (bp)
MO_167.B12	Truncated	313	160476	300.0
MO_167.B12	Run-on	74	91209	828.0
MO_167.B12	Intergenic region	315	68254	157.0
MO_167.B12	Predicted fragmentation	27	27453	895.0
MO_192.B10	Truncated	297	138834	282.0
MO_192.B10	Run-on	63	80928	798.0
MO_192.B10	Intergenic region	342	75895	155.0
MO_192.B10	Predicted fragmentation	26	30807	932.5
MO_167.B42	Truncated	225	121125	357.0
MO_167.B42	Run-on	42	67824	1170.0
MO_167.B42	Intergenic region	194	56032	178.5
MO_167.B42	Predicted fragmentation	15	15561	672.0
RrhiSC01	Truncated	348	196173	355.5
RrhiSC01	Run-on	29	40092	903.0
RrhiSC01	Intergenic region	259	69355	167.0
RrhiSC01	Predicted fragmentation	33	37762	815.0
RintRC01	Truncated	1288	438084	267.0
RintRC01	Run-on	23	13086	417.0
RintRC01	Intergenic region	1290	275185	173.0
RintRC01	Predicted fragmentation	91	64542	596.0
MAG_DT_104	Truncated	968	318315	267.0
MAG_DT_104	Run-on	12	9387	358.5
MAG_DT_104	Intergenic region	778	166220	167.0
MAG_DT_104	Predicted fragmentation	94	69830	609.5
TARA_PON	Truncated	296	101337	271.5
TARA_PON	Run-on	6	1911	291.0
TARA_PON	Intergenic region	179	56015	224.0
TARA_PON	Predicted fragmentation	35	29249	773.0
ReuHH01	Truncated	181	64356	291.0
ReuHH01	Run-on	3	1014	288.0
ReuHH01	Intergenic region	132	54877	300.5
ReuHH01	Predicted fragmentation	22	16955	636.5
AM_2804	Truncated	110	33288	229.5
AM_2804	Run-on	4	11166	1213.5
AM_2804	Intergenic region	129	53767	326.0
AM_2804	Predicted fragmentation	14	9857	597.5
ReuHM01	Truncated	472	198204	339.0
ReuHM01	Run-on	3	1071	330.0
ReuHM01	Intergenic region	93	28019	230.0
ReuHM01	Predicted fragmentation	25	20298	687.0
UBA3481	Truncated	99	28176	225.0
UBA3481	Run-on	3	9027	288.0
UBA3481	Intergenic region	113	45153	317.0
UBA3481	Predicted fragmentation	12	8825	597.0
UBA7409	Truncated	170	67143	273.0
UBA7409	Run-on	3	1023	288.0
UBA7409	Intergenic region	129	50399	302.0
UBA7409	Predicted fragmentation	12	6708	519.5
TARA_MED	Truncated	116	36396	234.0
TARA_MED	Run-on	4	1038	267.0
TARA_MED	Intergenic region	98	43331	336.5
TARA_MED	Predicted fragmentation	15	11798	594.0
BGEO_MAG	Truncated	166	92865	373.5
BGEO_MAG	Run-on	15	41019	3366.0
BGEO_MAG	Intergenic region	68	28711	257.0
BGEO_MAG	Predicted fragmentation	12	9910	588.5