genome_name	bin	total_gene_clusters	total_clusters_per_genome	percentage
MO_167.B12	Core	1695	5628	30.12
MO_167.B12	Flexible	2812	5628	49.96
MO_167.B12	Singletons	1121	5628	19.92
MO_192.B10	Core	1679	5732	29.29
MO_192.B10	Flexible	2857	5732	49.84
MO_192.B10	Singletons	1196	5732	20.87
MO_167.B42	Core	1428	4303	33.19
MO_167.B42	Flexible	1944	4303	45.18
MO_167.B42	Singletons	931	4303	21.64
RrhiSC01	Core	1738	4743	36.64
RrhiSC01	Flexible	2101	4743	44.3
RrhiSC01	Singletons	904	4743	19.06
TARA_PON	Core	1653	2053	80.52
TARA_PON	Flexible	113	2053	5.5
TARA_PON	Singletons	287	2053	13.98
ReuHM01	Core	1376	1662	82.79
ReuHM01	Flexible	117	1662	7.04
ReuHM01	Singletons	169	1662	10.17
TARA_MED	Core	1720	2046	84.07
TARA_MED	Flexible	270	2046	13.2
TARA_MED	Singletons	56	2046	2.74
BGEO_MAG	Core	1433	2060	69.56
BGEO_MAG	Flexible	189	2060	9.17
BGEO_MAG	Singletons	438	2060	21.26
UBA7409	Core	1680	2037	82.47
UBA7409	Flexible	309	2037	15.17
UBA7409	Singletons	48	2037	2.36
UBA3481	Core	1744	2099	83.09
UBA3481	Flexible	336	2099	16.01
UBA3481	Singletons	19	2099	0.91
AM_2804	Core	1774	2154	82.36
AM_2804	Flexible	350	2154	16.25
AM_2804	Singletons	30	2154	1.39
ReuHH01	Core	1781	2147	82.95
ReuHH01	Flexible	329	2147	15.32
ReuHH01	Singletons	37	2147	1.72
RintRC01	Core	1722	3682	46.77
RintRC01	Flexible	1813	3682	49.24
RintRC01	Singletons	147	3682	3.99
MAG_DT_104	Core	1744	3650	47.78
MAG_DT_104	Flexible	1814	3650	49.7
MAG_DT_104	Singletons	92	3650	2.52